ReadingDate,SerialNumber,PhaseA_voltage,PhaseB_voltage,PhaseC_voltage,PhaseA_current,PhaseB_current,PhaseC_current,PhaseA_activePower,PhaseB_activePower,PhaseC_activePower,PhaseABC_activePower,PhaseA_reactivePower,PhaseB_reactivePower,PhaseC_reactivePower,PhaseABC_reactivePower,LineFrequency,MeterTemperature
04/06/24 16:18:26,55000052,128.4250030517578,128.36000061035156,128.18099975585938,25.91400146484375,29.089000701904297,23.3960018157959,2932.0,3647.0,2932.0,9614.0,1356.0,768.0,572.0,2696.0,60.0099983215332,26.100000381469727
04/06/24 16:18:38,55000052,128.3100128173828,128.26600646972656,128.17100524902344,26.10300064086914,29.31800079345703,23.702001571655273,2971.0,3675.0,2971.0,9706.0,1356.0,768.0,576.0,2700.0,60.0,26.100000381469727
04/06/24 16:18:50,55000052,128.25100708007812,128.2760009765625,127.99300384521484,26.190000534057617,29.530000686645508,23.768001556396484,2977.0,3702.0,2977.0,9748.0,1355.0,769.0,568.0,2692.0,60.0,26.100000381469727
04/06/24 16:19:05,55000052,128.2410125732422,128.2060089111328,128.04200744628906,26.264001846313477,29.6200008392334,23.84800148010254,2991.0,3712.0,2991.0,9782.0,1357.0,772.0,565.0,2694.0,60.0,26.100000381469727
04/06/24 16:19:17,55000052,128.56900024414062,128.49900817871094,128.2410125732422,13.998001098632812,17.025001525878906,11.987000465393066,1455.0,2103.0,1455.0,5343.0,127.0,-574.0,-447.0,-894.0,59.98999786376953,26.100000381469727
04/06/24 16:19:29,55000052,128.5640106201172,128.4739990234375,128.25601196289062,14.015000343322754,17.084001541137695,12.012001037597656,1458.0,2112.0,1458.0,5359.0,125.0,-573.0,-452.0,-900.0,60.0,26.100000381469727
04/06/24 16:19:41,55000052,128.68299865722656,128.51400756835938,128.31500244140625,14.068000793457031,16.987001419067383,11.946000099182129,1454.0,2100.0,1454.0,5351.0,125.0,-571.0,-447.0,-893.0,60.02000045776367,26.100000381469727
04/06/24 16:19:53,55000052,128.32501220703125,128.281005859375,127.99700927734375,14.047000885009766,17.020000457763672,12.03700065612793,1462.0,2101.0,1462.0,5353.0,118.0,-570.0,-441.0,-893.0,60.0099983215332,26.100000381469727
04/06/24 16:20:05,55000052,128.5340118408203,128.44400024414062,128.22601318359375,14.128000259399414,17.040000915527344,12.133000373840332,1476.0,2109.0,1476.0,5390.0,122.0,-564.0,-450.0,-892.0,59.97999954223633,26.0
04/06/24 16:20:17,55000052,128.54901123046875,128.375,128.2010040283203,14.213000297546387,17.19099998474121,12.072000503540039,1467.0,2128.0,1467.0,5410.0,118.0,-563.0,-445.0,-890.0,59.98999786376953,26.0
04/06/24 16:20:29,55000052,128.54400634765625,128.44000244140625,128.18600463867188,14.028000831604004,17.119001388549805,12.133000373840332,1478.0,2115.0,1478.0,5384.0,116.0,-575.0,-433.0,-892.0,59.97999954223633,26.0
04/06/24 16:20:41,55000052,128.281005859375,128.12200927734375,128.06201171875,14.25200080871582,17.23400115966797,12.119000434875488,1471.0,2126.0,1471.0,5410.0,132.0,-575.0,-444.0,-887.0,59.96999740600586,26.0
04/06/24 16:20:53,55000052,128.40499877929688,128.17100524902344,128.09201049804688,14.196001052856445,17.20400047302246,12.065000534057617,1468.0,2125.0,1468.0,5401.0,116.0,-563.0,-441.0,-888.0,59.96999740600586,26.0
04/06/24 16:21:05,55000052,128.50900268554688,128.3100128173828,128.14601135253906,14.344000816345215,17.272001266479492,12.089000701904297,1473.0,2133.0,1473.0,5438.0,119.0,-574.0,-441.0,-896.0,59.96999740600586,26.100000381469727
04/06/24 16:21:17,55000052,128.44000244140625,128.2760009765625,128.09201049804688,14.207000732421875,17.18600082397461,11.925000190734863,1447.0,2122.0,1447.0,5380.0,120.0,-567.0,-444.0,-891.0,59.96999740600586,26.100000381469727
04/06/24 16:21:29,55000052,128.41000366210938,128.2410125732422,128.06700134277344,14.093000411987305,17.125,11.993000984191895,1460.0,2111.0,1460.0,5366.0,125.0,-576.0,-439.0,-890.0,59.939998626708984,26.100000381469727
04/06/24 16:21:52,55000052,128.51901245117188,128.49900817871094,128.3100128173828,14.143000602722168,17.075000762939453,12.17400074005127,1479.0,2110.0,1479.0,5391.0,128.0,-577.0,-453.0,-902.0,59.96999740600586,26.100000381469727
04/06/24 16:22:04,55000052,128.49400329589844,128.51901245117188,128.25100708007812,14.253000259399414,17.2450008392334,12.069000244140625,1468.0,2139.0,1468.0,5425.0,120.0,-560.0,-454.0,-894.0,59.97999954223633,26.0
04/06/24 16:22:16,55000052,128.32000732421875,128.35000610351562,128.11199951171875,25.970001220703125,29.095001220703125,23.468000411987305,2941.0,3647.0,2941.0,9631.0,1353.0,769.0,581.0,2703.0,59.96999740600586,26.0
04/06/24 16:22:28,55000052,128.1020050048828,128.1420135498047,127.9830093383789,26.793001174926758,30.0210018157959,24.365001678466797,3054.0,3757.0,3054.0,9961.0,1357.0,788.0,566.0,2711.0,59.97999954223633,26.0
04/06/24 16:22:40,55000052,128.25100708007812,128.18600463867188,128.03201293945312,26.5830020904541,29.85700225830078,24.23200035095215,3038.0,3738.0,3038.0,9902.0,1349.0,797.0,571.0,2717.0,59.96999740600586,26.0
04/06/24 16:22:52,55000052,128.22100830078125,128.2010040283203,127.99700927734375,26.168001174926758,29.248001098632812,23.762001037597656,2977.0,3665.0,2977.0,9706.0,1355.0,767.0,564.0,2686.0,59.97999954223633,26.0
04/06/24 16:23:05,55000052,128.2760009765625,128.2410125732422,128.09201049804688,26.176000595092773,29.338001251220703,23.73200035095215,2978.0,3674.0,2978.0,9720.0,1355.0,779.0,557.0,2691.0,59.98999786376953,26.100000381469727
04/06/24 16:23:17,55000052,128.29501342773438,128.21600341796875,128.02700805664062,26.518001556396484,29.716001510620117,23.915000915527344,2948.0,3672.0,2948.0,9680.0,1353.0,777.0,562.0,2692.0,60.0,26.100000381469727
04/06/24 16:23:29,55000052,128.45899963378906,128.34500122070312,128.17100524902344,20.025001525878906,23.209001541137695,17.621000289916992,2099.0,2813.0,2099.0,7271.0,645.0,10.0,-10.0,645.0,60.0,26.100000381469727
04/06/24 16:23:41,55000052,128.50900268554688,128.4250030517578,128.26600646972656,14.164000511169434,17.181001663208008,11.961000442504883,1456.0,2126.0,1456.0,5390.0,113.0,-568.0,-441.0,-896.0,60.0,26.100000381469727
04/06/24 16:23:53,55000052,128.7080078125,128.53900146484375,128.36000061035156,14.12600040435791,17.00800132751465,11.920001029968262,1448.0,2105.0,1448.0,5357.0,120.0,-572.0,-451.0,-903.0,60.04999923706055,26.100000381469727
04/06/24 16:24:05,55000052,128.73800659179688,128.68800354003906,128.4840087890625,13.927000999450684,17.042001724243164,11.931000709533691,1455.0,2110.0,1455.0,5347.0,116.0,-578.0,-441.0,-903.0,60.029998779296875,26.0
04/06/24 16:24:17,55000052,128.34500122070312,128.35501098632812,128.24600219726562,14.023000717163086,17.097000122070312,12.019001007080078,1462.0,2114.0,1462.0,5364.0,110.0,-567.0,-441.0,-898.0,60.0099983215332,26.0
04/06/24 16:24:29,55000052,128.35501098632812,128.4300079345703,128.35501098632812,14.024001121520996,17.051000595092773,11.9010009765625,1447.0,2109.0,1447.0,5345.0,115.0,-567.0,-444.0,-896.0,60.02000045776367,26.0
04/06/24 16:24:41,55000052,128.40499877929688,128.45899963378906,128.34500122070312,14.143000602722168,17.06599998474121,11.908000946044922,1446.0,2110.0,1446.0,5360.0,113.0,-566.0,-445.0,-898.0,60.0,26.0
04/06/24 16:24:53,55000052,129.79000854492188,129.8800048828125,129.6959991455078,13.981000900268555,17.016000747680664,11.754000663757324,1443.0,2127.0,1443.0,5371.0,108.0,-571.0,-449.0,-912.0,59.98999786376953,26.0
04/06/24 16:25:05,55000052,130.24200439453125,130.23699951171875,129.99900817871094,14.006000518798828,17.21500015258789,11.898000717163086,1469.0,2157.0,1469.0,5438.0,127.0,-587.0,-441.0,-901.0,59.97999954223633,26.0
04/06/24 16:25:17,55000052,130.27700805664062,130.22300720214844,129.96900939941406,13.922000885009766,17.0,11.908000946044922,1467.0,2127.0,1467.0,5395.0,126.0,-591.0,-441.0,-906.0,60.0099983215332,26.0
04/06/24 16:25:29,55000052,129.7360076904297,129.7410125732422,129.7310028076172,14.028000831604004,17.064001083374023,11.913000106811523,1467.0,2128.0,1467.0,5402.0,124.0,-585.0,-438.0,-899.0,60.0,26.0
04/06/24 16:25:41,55000052,129.53201293945312,129.64100646972656,129.56201171875,14.154000282287598,17.203001022338867,12.035000801086426,1480.0,2144.0,1480.0,5442.0,136.0,-585.0,-443.0,-892.0,59.97999954223633,26.0
04/06/24 16:25:53,55000052,129.82501220703125,129.8000030517578,129.57701110839844,14.285000801086426,17.052000045776367,12.027000427246094,1476.0,2128.0,1476.0,5445.0,131.0,-584.0,-452.0,-905.0,60.0,26.0
04/06/24 16:26:05,55000052,129.8350067138672,129.8350067138672,129.58700561523438,14.082000732421875,16.961999893188477,11.893000602722168,1460.0,2117.0,1460.0,5392.0,130.0,-582.0,-451.0,-903.0,60.0,26.100000381469727
04/06/24 16:26:17,55000052,129.885009765625,129.875,129.59201049804688,14.143000602722168,17.006999969482422,11.886000633239746,1457.0,2125.0,1457.0,5406.0,124.0,-576.0,-454.0,-906.0,59.98999786376953,26.100000381469727
04/06/24 16:26:29,55000052,129.48699951171875,129.53700256347656,129.239013671875,24.86400032043457,28.064001083374023,22.61400032043457,2847.0,3526.0,2847.0,9271.0,1401.0,868.0,602.0,2871.0,60.0099983215332,26.100000381469727
04/06/24 16:26:41,55000052,129.5120086669922,129.57200622558594,129.239013671875,26.399002075195312,29.670001983642578,23.915000915527344,3023.0,3747.0,3023.0,9876.0,1419.0,828.0,597.0,2844.0,60.03999710083008,26.100000381469727
04/06/24 16:26:53,55000052,129.54701232910156,129.57701110839844,129.24400329589844,26.625001907348633,29.911001205444336,24.26300048828125,3066.0,3780.0,3066.0,9986.0,1416.0,826.0,606.0,2848.0,60.029998779296875,26.100000381469727
04/06/24 16:27:05,55000052,129.49700927734375,129.7060089111328,129.43800354003906,26.30000114440918,29.66900062561035,24.030000686645508,3039.0,3747.0,3039.0,9888.0,1401.0,847.0,600.0,2848.0,60.04999923706055,26.100000381469727
04/06/24 16:27:17,55000052,129.4630126953125,129.5070037841797,129.29400634765625,25.977001190185547,29.309001922607422,23.630001068115234,2983.0,3703.0,2983.0,9738.0,1401.0,819.0,607.0,2827.0,60.05999755859375,26.100000381469727
04/06/24 16:27:29,55000052,129.5970001220703,129.86000061035156,129.57200622558594,26.043001174926758,29.430002212524414,23.631000518798828,2989.0,3721.0,2989.0,9777.0,1402.0,849.0,603.0,2854.0,60.029998779296875,26.100000381469727
04/06/24 16:27:41,55000052,129.5070037841797,129.7310028076172,129.4080047607422,26.203001022338867,29.66900062561035,23.886001586914062,3020.0,3751.0,3020.0,9854.0,1412.0,825.0,600.0,2837.0,60.04999923706055,26.100000381469727
04/06/24 16:27:53,55000052,129.82501220703125,129.9739990234375,129.6510009765625,14.099000930786133,17.035001754760742,11.925000190734863,1464.0,2132.0,1464.0,5414.0,123.0,-574.0,-447.0,-898.0,60.03999710083008,26.100000381469727
04/06/24 16:28:05,55000052,130.0340118408203,130.24700927734375,129.77999877929688,14.133000373840332,17.09600067138672,11.980000495910645,1474.0,2141.0,1474.0,5441.0,131.0,-587.0,-450.0,-906.0,60.04999923706055,26.0
04/06/24 16:28:17,55000052,130.0830078125,130.14801025390625,129.95401000976562,14.074000358581543,17.060001373291016,11.817000389099121,1453.0,2137.0,1453.0,5407.0,125.0,-580.0,-452.0,-907.0,60.05999755859375,26.0
04/06/24 16:28:29,55000052,130.10301208496094,130.1580047607422,129.875,13.981000900268555,17.154001235961914,11.874000549316406,1465.0,2147.0,1465.0,5417.0,126.0,-588.0,-439.0,-901.0,60.04999923706055,26.0
04/06/24 16:28:42,55000052,130.10301208496094,130.1580047607422,129.89500427246094,14.148000717163086,17.158000946044922,12.153000831604004,1498.0,2151.0,1498.0,5476.0,128.0,-578.0,-457.0,-907.0,60.03999710083008,26.0
04/06/24 16:29:05,55000052,129.92001342773438,129.99400329589844,129.71600341796875,14.094000816345215,17.084001541137695,11.8100004196167,1451.0,2137.0,1451.0,5405.0,129.0,-580.0,-451.0,-902.0,60.029998779296875,26.0
04/06/24 16:29:17,55000052,129.99900817871094,130.2080078125,129.81500244140625,13.969000816345215,16.951000213623047,11.818000793457031,1453.0,2121.0,1453.0,5377.0,128.0,-583.0,-449.0,-904.0,60.02000045776367,26.0
04/06/24 16:29:29,55000052,130.0240020751953,130.0830078125,129.76600646972656,13.781001091003418,16.98200035095215,11.738000869750977,1447.0,2124.0,1447.0,5350.0,119.0,-587.0,-439.0,-907.0,60.03999710083008,26.0
04/06/24 16:29:41,55000052,129.8350067138672,129.96900939941406,129.63101196289062,13.975000381469727,17.211000442504883,11.869000434875488,1459.0,2149.0,1459.0,5408.0,119.0,-585.0,-445.0,-911.0,60.02000045776367,26.0
04/06/24 16:29:53,55000052,129.9340057373047,130.0290069580078,129.63600158691406,14.117000579833984,17.31800079345703,11.744000434875488,1445.0,2166.0,1445.0,5432.0,121.0,-588.0,-442.0,-909.0,60.0,26.0
04/06/24 16:30:05,55000052,129.95899963378906,130.0590057373047,129.71099853515625,13.99000072479248,17.12200164794922,11.836000442504883,1460.0,2143.0,1460.0,5409.0,121.0,-584.0,-435.0,-898.0,60.0,26.100000381469727
04/06/24 16:30:17,55000052,129.8350067138672,130.0240020751953,129.64601135253906,14.010000228881836,17.06100082397461,11.76200008392334,1446.0,2132.0,1446.0,5383.0,122.0,-585.0,-440.0,-903.0,60.0,26.100000381469727
04/06/24 16:30:29,55000052,130.06900024414062,130.07400512695312,129.84500122070312,14.02500057220459,17.101001739501953,11.846000671386719,1460.0,2137.0,1460.0,5407.0,126.0,-589.0,-436.0,-899.0,60.0099983215332,26.100000381469727
04/06/24 16:30:41,55000052,129.989013671875,130.0780029296875,129.69100952148438,14.178000450134277,17.260000228881836,12.076000213623047,1486.0,2159.0,1486.0,5473.0,123.0,-583.0,-441.0,-901.0,60.02000045776367,26.100000381469727
04/06/24 16:30:53,55000052,129.64100646972656,129.72601318359375,129.42300415039062,25.93000030517578,29.1460018157959,23.48200035095215,2968.0,3684.0,2968.0,9702.0,1411.0,835.0,605.0,2851.0,60.0099983215332,26.100000381469727
04/06/24 16:31:05,55000052,129.77101135253906,129.885009765625,129.53201293945312,26.56100082397461,29.845001220703125,24.123001098632812,3052.0,3776.0,3052.0,9962.0,1427.0,852.0,611.0,2890.0,60.0099983215332,26.100000381469727
04/06/24 16:31:17,55000052,129.71600341796875,129.8000030517578,129.43800354003906,26.408000946044922,29.718002319335938,24.010000228881836,3036.0,3756.0,3036.0,9905.0,1419.0,844.0,607.0,2870.0,60.0,26.100000381469727
04/06/24 16:31:29,55000052,129.8350067138672,129.8350067138672,129.5170135498047,25.979001998901367,29.141000747680664,23.43000030517578,2960.0,3683.0,2960.0,9701.0,1413.0,834.0,614.0,2861.0,59.98999786376953,26.100000381469727
04/06/24 16:31:41,55000052,129.89500427246094,129.90499877929688,129.61199951171875,25.98900032043457,29.246002197265625,23.452001571655273,2964.0,3701.0,2964.0,9724.0,1422.0,830.0,625.0,2877.0,60.0,26.100000381469727
04/06/24 16:31:53,55000052,129.8300018310547,129.8800048828125,129.53700256347656,26.00200080871582,29.273000717163086,23.654001235961914,2990.0,3704.0,2990.0,9753.0,1420.0,831.0,617.0,2868.0,60.0,26.100000381469727
04/06/24 16:32:05,55000052,129.8050079345703,129.885009765625,129.53201293945312,26.156002044677734,29.400001525878906,23.836000442504883,3013.0,3721.0,3013.0,9812.0,1426.0,825.0,617.0,2868.0,59.98999786376953,26.100000381469727
04/06/24 16:32:17,55000052,129.81500244140625,129.8100128173828,129.54200744628906,26.202001571655273,29.41600227355957,23.8960018157959,3024.0,3722.0,3024.0,9826.0,1433.0,827.0,603.0,2863.0,59.97999954223633,26.100000381469727
04/06/24 16:32:29,55000052,130.33200073242188,130.24700927734375,129.885009765625,14.385000228881836,17.452001571655273,12.418000221252441,1474.0,2131.0,1474.0,5410.0,117.0,-581.0,-448.0,-912.0,59.96999740600586,26.100000381469727
04/06/24 16:32:41,55000052,129.99400329589844,130.0540008544922,129.67100524902344,14.194000244140625,17.237001419067383,12.293000221252441,1516.0,2158.0,1516.0,5509.0,124.0,-586.0,-442.0,-904.0,59.96999740600586,26.100000381469727
04/06/24 16:32:53,55000052,130.11300659179688,130.1630096435547,129.75601196289062,13.950000762939453,16.93600082397461,12.125000953674316,1489.0,2118.0,1489.0,5408.0,131.0,-586.0,-455.0,-910.0,60.0,26.100000381469727
04/06/24 16:33:05,55000052,130.0830078125,130.14300537109375,129.8000030517578,13.971000671386719,16.970001220703125,11.848000526428223,1456.0,2126.0,1456.0,5386.0,128.0,-581.0,-450.0,-903.0,59.97999954223633,26.100000381469727
04/06/24 16:33:18,55000052,130.0640106201172,130.0590057373047,129.8100128173828,13.869000434875488,16.94900131225586,11.772000312805176,1449.0,2120.0,1449.0,5359.0,121.0,-583.0,-440.0,-902.0,59.959999084472656,26.100000381469727
04/06/24 16:33:30,55000052,130.4459991455078,130.4910125732422,130.07400512695312,13.807001113891602,16.87200164794922,11.785000801086426,1453.0,2115.0,1453.0,5354.0,123.0,-592.0,-446.0,-915.0,60.02000045776367,26.100000381469727
04/06/24 16:33:42,55000052,130.27200317382812,130.27700805664062,130.04901123046875,13.907000541687012,16.99700164794922,11.886000633239746,1464.0,2131.0,1464.0,5394.0,113.0,-579.0,-448.0,-914.0,60.02000045776367,26.100000381469727
04/06/24 16:33:54,55000052,130.32200622558594,130.31700134277344,130.00401306152344,13.88900089263916,16.907001495361328,11.793000221252441,1450.0,2118.0,1450.0,5365.0,115.0,-582.0,-447.0,-914.0,60.0,26.100000381469727
04/06/24 16:34:06,55000052,130.27200317382812,130.23699951171875,129.94900512695312,13.833000183105469,16.893001556396484,11.745000839233398,1447.0,2116.0,1447.0,5354.0,114.0,-580.0,-439.0,-905.0,59.97999954223633,26.100000381469727
04/06/24 16:34:18,55000052,130.3570098876953,130.3570098876953,129.99400329589844,13.723000526428223,16.718000411987305,11.690000534057617,1438.0,2092.0,1438.0,5305.0,124.0,-584.0,-448.0,-908.0,59.96999740600586,26.100000381469727
04/06/24 16:34:30,55000052,130.1280059814453,130.2320098876953,129.86000061035156,13.749000549316406,16.716001510620117,11.77400016784668,1443.0,2093.0,1443.0,5314.0,116.0,-575.0,-454.0,-913.0,59.97999954223633,26.100000381469727
04/06/24 16:34:42,55000052,130.04901123046875,130.1330108642578,129.82501220703125,13.86500072479248,16.922000885009766,11.87700080871582,1464.0,2119.0,1464.0,5375.0,122.0,-584.0,-440.0,-902.0,59.959999084472656,26.100000381469727
04/06/24 16:34:54,55000052,130.17300415039062,130.2030029296875,129.84500122070312,13.94800090789795,16.868000030517578,11.892000198364258,1461.0,2109.0,1461.0,5371.0,130.0,-583.0,-452.0,-905.0,59.98999786376953,26.100000381469727
04/06/24 16:35:06,55000052,130.21800231933594,130.2519989013672,129.90499877929688,13.946001052856445,16.878000259399414,11.831000328063965,1454.0,2113.0,1454.0,5369.0,128.0,-580.0,-454.0,-906.0,60.0,26.100000381469727
04/06/24 16:35:18,55000052,130.09800720214844,130.14300537109375,129.8350067138672,14.008000373840332,16.929000854492188,11.8100004196167,1450.0,2117.0,1450.0,5374.0,126.0,-581.0,-454.0,-909.0,60.0,26.100000381469727
04/06/24 16:35:30,55000052,129.8000030517578,129.82000732421875,129.47300720214844,25.250001907348633,28.41200065612793,22.854001998901367,2885.0,3587.0,2885.0,9427.0,1409.0,832.0,610.0,2851.0,59.97999954223633,26.100000381469727
04/06/24 16:35:42,55000052,129.4630126953125,129.54200744628906,129.21400451660156,26.655000686645508,29.94700050354004,24.30500030517578,3074.0,3781.0,3074.0,9996.0,1423.0,832.0,610.0,2865.0,59.959999084472656,26.100000381469727
04/06/24 16:35:54,55000052,129.64100646972656,129.6269989013672,129.4530029296875,26.566001892089844,29.952001571655273,24.293001174926758,3077.0,3783.0,3077.0,9994.0,1412.0,851.0,616.0,2879.0,59.959999084472656,26.100000381469727
04/06/24 16:36:06,55000052,129.64601135253906,129.72100830078125,129.52700805664062,26.15300178527832,29.3330020904541,23.73400115966797,3001.0,3704.0,3001.0,9777.0,1420.0,832.0,613.0,2865.0,59.98999786376953,26.0
04/06/24 16:36:18,55000052,129.5570068359375,129.5970001220703,129.5120086669922,25.88300132751465,28.990001678466797,23.479001998901367,2966.0,3657.0,2966.0,9659.0,1414.0,832.0,602.0,2848.0,59.96999740600586,26.0
04/06/24 16:36:30,55000052,129.71099853515625,129.6959991455078,129.63101196289062,25.819002151489258,29.04100227355957,23.378000259399414,2956.0,3668.0,2956.0,9657.0,1410.0,834.0,620.0,2864.0,59.97999954223633,26.0
04/06/24 16:36:42,55000052,129.69100952148438,129.8000030517578,129.64601135253906,26.187002182006836,29.381000518798828,23.812000274658203,3014.0,3713.0,3014.0,9808.0,1420.0,835.0,624.0,2879.0,59.97999954223633,26.0
04/06/24 16:36:54,55000052,129.7010040283203,129.8800048828125,129.63101196289062,26.410001754760742,29.58100128173828,23.774002075195312,3010.0,3739.0,3010.0,9864.0,1419.0,847.0,617.0,2883.0,59.96999740600586,26.0
04/06/24 16:37:07,55000052,129.656005859375,129.79000854492188,129.61199951171875,26.19700050354004,29.410001754760742,23.751001358032227,3003.0,3718.0,3003.0,9803.0,1421.0,831.0,626.0,2878.0,59.96999740600586,26.100000381469727
04/06/24 16:37:19,55000052,130.0830078125,130.32200622558594,130.00401306152344,13.930000305175781,16.863000869750977,12.148000717163086,1489.0,2114.0,1489.0,5402.0,124.0,-576.0,-462.0,-914.0,59.96999740600586,26.100000381469727
04/06/24 16:37:31,55000052,130.09300231933594,130.09300231933594,130.07400512695312,13.949000358581543,17.042001724243164,11.893000602722168,1467.0,2134.0,1467.0,5403.0,123.0,-582.0,-440.0,-899.0,59.97999954223633,26.100000381469727
04/06/24 16:37:43,55000052,130.09800720214844,130.06900024414062,129.86000061035156,13.996000289916992,16.975000381469727,12.166000366210938,1501.0,2120.0,1501.0,5428.0,129.0,-582.0,-454.0,-907.0,59.97999954223633,26.100000381469727
04/06/24 16:37:55,55000052,130.0780029296875,130.0780029296875,129.75601196289062,14.034000396728516,16.966001510620117,11.755000114440918,1444.0,2125.0,1444.0,5384.0,123.0,-573.0,-446.0,-896.0,59.959999084472656,26.100000381469727
04/06/24 16:38:07,55000052,130.33700561523438,130.406005859375,129.90000915527344,13.925000190734863,16.91900062561035,11.837000846862793,1458.0,2119.0,1458.0,5378.0,128.0,-585.0,-449.0,-906.0,59.96999740600586,26.0
04/06/24 16:38:19,55000052,130.1330108642578,130.11801147460938,129.68600463867188,14.01400089263916,17.08500099182129,11.970000267028809,1474.0,2143.0,1474.0,5429.0,119.0,-570.0,-454.0,-905.0,59.94999694824219,26.0
04/06/24 16:38:31,55000052,130.3570098876953,130.2620086669922,129.88999938964844,13.872000694274902,16.822999954223633,11.744000434875488,1445.0,2105.0,1445.0,5345.0,128.0,-584.0,-450.0,-906.0,59.96999740600586,26.0
04/06/24 16:38:43,55000052,130.2270050048828,130.0780029296875,129.78500366210938,13.861001014709473,16.928001403808594,11.668000221252441,1437.0,2118.0,1437.0,5346.0,117.0,-578.0,-441.0,-902.0,59.959999084472656,26.0
04/06/24 16:38:55,55000052,130.14300537109375,130.07400512695312,129.71099853515625,13.969000816345215,16.85500144958496,11.784000396728516,1448.0,2105.0,1448.0,5357.0,126.0,-580.0,-448.0,-902.0,59.97999954223633,26.0
04/06/24 16:39:07,55000052,130.1230010986328,130.09800720214844,129.656005859375,13.882000923156738,16.82000160217285,11.640000343322754,1430.0,2104.0,1430.0,5329.0,110.0,-573.0,-442.0,-905.0,59.94999694824219,26.100000381469727
04/06/24 16:39:19,55000052,130.0340118408203,129.90000915527344,129.57200622558594,13.890000343322754,16.790000915527344,11.937000274658203,1464.0,2100.0,1464.0,5356.0,126.0,-573.0,-454.0,-901.0,59.939998626708984,26.100000381469727
04/06/24 16:39:31,55000052,130.09800720214844,130.1330108642578,129.9340057373047,13.838000297546387,16.898000717163086,11.768000602722168,1448.0,2113.0,1448.0,5351.0,126.0,-585.0,-446.0,-905.0,59.94999694824219,26.100000381469727
04/06/24 16:39:43,55000052,130.3470001220703,130.2270050048828,130.11801147460938,13.802000999450684,16.780000686645508,11.693000793457031,1441.0,2103.0,1441.0,5332.0,113.0,-570.0,-447.0,-904.0,59.97999954223633,26.100000381469727
04/06/24 16:39:55,55000052,130.21800231933594,130.10301208496094,129.95899963378906,13.964000701904297,17.020999908447266,12.005000114440918,1481.0,2132.0,1481.0,5418.0,119.0,-576.0,-444.0,-901.0,59.97999954223633,26.100000381469727
04/06/24 16:40:07,55000052,130.2570037841797,130.09300231933594,130.01400756835938,14.088000297546387,16.975000381469727,11.971000671386719,1477.0,2126.0,1477.0,5425.0,126.0,-575.0,-451.0,-900.0,59.94999694824219,26.100000381469727
04/06/24 16:40:19,55000052,129.99400329589844,129.85000610351562,129.82000732421875,26.11600112915039,29.177001953125,23.531002044677734,2979.0,3696.0,2979.0,9750.0,1435.0,826.0,637.0,2898.0,59.959999084472656,26.100000381469727
04/06/24 16:40:31,55000052,129.95401000976562,129.9290008544922,129.92001342773438,26.737001419067383,29.852001190185547,24.024002075195312,3042.0,3778.0,3042.0,9980.0,1443.0,849.0,640.0,2932.0,59.939998626708984,26.100000381469727
04/06/24 16:40:43,55000052,129.989013671875,129.8300018310547,129.92001342773438,26.57900047302246,29.565000534057617,23.98000144958496,3035.0,3741.0,3035.0,9913.0,1443.0,843.0,636.0,2922.0,59.93000030517578,26.100000381469727
04/06/24 16:40:55,55000052,130.19300842285156,130.0340118408203,129.90000915527344,26.389001846313477,29.21900177001953,23.636001586914062,2995.0,3701.0,2995.0,9810.0,1438.0,842.0,641.0,2921.0,59.939998626708984,26.100000381469727
04/06/24 16:41:07,55000052,130.0880126953125,129.989013671875,129.91500854492188,25.979001998901367,28.979001998901367,23.273000717163086,2943.0,3668.0,2943.0,9670.0,1431.0,825.0,638.0,2894.0,59.94999694824219,26.100000381469727
04/06/24 16:41:19,55000052,130.13800048828125,130.0590057373047,129.885009765625,26.34800148010254,29.10300064086914,23.282001495361328,2948.0,3681.0,2948.0,9750.0,1413.0,836.0,637.0,2886.0,59.939998626708984,26.100000381469727
04/06/24 16:41:32,55000052,129.91500854492188,129.81500244140625,129.82000732421875,26.36600112915039,29.363000869750977,23.59600067138672,2987.0,3713.0,2987.0,9813.0,1426.0,840.0,622.0,2888.0,59.94999694824219,26.100000381469727
04/06/24 16:41:44,55000052,130.32200622558594,130.17300415039062,130.09300231933594,13.993000984191895,17.052000045776367,11.881000518798828,1467.0,2136.0,1467.0,5414.0,116.0,-583.0,-441.0,-908.0,59.97999954223633,26.100000381469727
04/06/24 16:41:56,55000052,130.27700805664062,130.27700805664062,130.0540008544922,14.020000457763672,16.939001083374023,11.871000289916992,1463.0,2126.0,1463.0,5403.0,120.0,-574.0,-455.0,-909.0,59.959999084472656,26.100000381469727
04/06/24 16:42:08,55000052,130.4510040283203,130.2519989013672,130.2519989013672,13.800000190734863,16.825000762939453,11.797000885009766,1460.0,2109.0,1460.0,5358.0,105.0,-575.0,-442.0,-912.0,59.96999740600586,26.100000381469727
04/06/24 16:42:20,55000052,130.2320098876953,130.0640106201172,130.00401306152344,13.845000267028809,16.77400016784668,11.946000099182129,1473.0,2099.0,1473.0,5363.0,114.0,-569.0,-454.0,-909.0,59.959999084472656,26.100000381469727
04/06/24 16:42:32,55000052,130.4610137939453,130.24700927734375,130.29701232910156,13.733000755310059,16.802000045776367,11.827000617980957,1461.0,2108.0,1461.0,5349.0,106.0,-573.0,-445.0,-912.0,59.94999694824219,26.100000381469727
04/06/24 16:42:44,55000052,130.2270050048828,130.2030029296875,130.27200317382812,13.836000442504883,16.782001495361328,11.983000755310059,1477.0,2106.0,1477.0,5375.0,109.0,-566.0,-454.0,-911.0,59.94999694824219,26.100000381469727
04/06/24 16:42:56,55000052,130.18299865722656,130.07400512695312,129.94400024414062,14.030000686645508,16.735000610351562,11.927000999450684,1467.0,2092.0,1467.0,5374.0,103.0,-571.0,-457.0,-925.0,59.939998626708984,26.100000381469727
04/06/24 16:43:08,55000052,130.18299865722656,130.0880126953125,130.10800170898438,13.836000442504883,16.827001571655273,12.160000801086426,1498.0,2107.0,1498.0,5396.0,108.0,-575.0,-453.0,-920.0,59.939998626708984,26.0
04/06/24 16:43:20,55000052,130.36700439453125,130.29200744628906,130.1529998779297,13.932001113891602,16.70600128173828,11.770000457763672,1448.0,2093.0,1448.0,5346.0,88.0,-569.0,-450.0,-931.0,59.94999694824219,26.0
04/06/24 16:43:32,55000052,130.2570037841797,130.10800170898438,130.22300720214844,13.828001022338867,16.64900016784668,11.735000610351562,1444.0,2087.0,1444.0,5322.0,103.0,-567.0,-453.0,-917.0,59.91999816894531,26.0
04/06/24 16:43:44,55000052,130.24200439453125,130.0540008544922,130.0830078125,13.851000785827637,16.689001083374023,11.757000923156738,1444.0,2090.0,1444.0,5326.0,109.0,-567.0,-454.0,-912.0,59.939998626708984,26.0
04/06/24 16:43:56,55000052,130.1630096435547,130.1580047607422,130.00900268554688,13.691000938415527,16.689001083374023,11.76300048828125,1446.0,2086.0,1446.0,5305.0,110.0,-575.0,-450.0,-915.0,59.939998626708984,26.0
04/06/24 16:44:08,55000052,130.54501342773438,130.29200744628906,130.31700134277344,13.845000267028809,16.76300048828125,11.793000221252441,1457.0,2102.0,1457.0,5354.0,101.0,-573.0,-445.0,-917.0,59.94999694824219,26.0
04/06/24 16:44:20,55000052,130.52101135253906,130.2570037841797,130.29200744628906,13.874000549316406,16.795000076293945,11.917000770568848,1470.0,2109.0,1470.0,5379.0,111.0,-567.0,-458.0,-914.0,59.96999740600586,26.0
04/06/24 16:44:32,55000052,130.11801147460938,130.0590057373047,130.0540008544922,24.095001220703125,27.110000610351562,22.062000274658203,2791.0,3426.0,2791.0,9037.0,1443.0,916.0,703.0,3062.0,59.93000030517578,26.0
04/06/24 16:44:44,55000052,130.21800231933594,129.95899963378906,130.01901245117188,25.98400115966797,29.000001907348633,23.428001403808594,2968.0,3667.0,2968.0,9701.0,1417.0,847.0,643.0,2907.0,59.96999740600586,26.0
04/06/24 16:44:56,55000052,130.0540008544922,129.88999938964844,129.88999938964844,26.404001235961914,29.624000549316406,23.987001419067383,3038.0,3747.0,3038.0,9904.0,1430.0,847.0,633.0,2910.0,59.98999786376953,26.0
04/06/24 16:45:08,55000052,130.0290069580078,129.81500244140625,129.91500854492188,26.296001434326172,29.304000854492188,23.71700096130371,3004.0,3703.0,3004.0,9813.0,1421.0,853.0,631.0,2905.0,59.96999740600586,26.0
04/06/24 16:45:20,55000052,130.07400512695312,129.95899963378906,129.989013671875,25.73200035095215,28.78400230407715,23.476001739501953,2972.0,3636.0,2972.0,9641.0,1402.0,850.0,639.0,2891.0,59.96999740600586,26.0
04/06/24 16:45:32,55000052,130.17300415039062,130.0880126953125,130.11801147460938,25.791000366210938,28.764001846313477,23.43000030517578,2967.0,3639.0,2967.0,9645.0,1420.0,842.0,644.0,2906.0,59.98999786376953,26.0
04/06/24 16:45:44,55000052,130.29701232910156,130.14801025390625,130.19801330566406,26.064001083374023,29.031002044677734,23.677001953125,3003.0,3678.0,3003.0,9760.0,1422.0,840.0,644.0,2906.0,60.02000045776367,26.0
04/06/24 16:45:56,55000052,130.24700927734375,130.19801330566406,130.2130126953125,26.20100212097168,29.303001403808594,23.714000701904297,3008.0,3712.0,3008.0,9825.0,1415.0,857.0,642.0,2914.0,60.02000045776367,26.0
04/06/24 16:46:08,55000052,130.72900390625,130.61500549316406,130.5500030517578,14.088000297546387,16.91200065612793,11.848000526428223,1465.0,2126.0,1465.0,5419.0,104.0,-573.0,-454.0,-923.0,60.029998779296875,26.0
04/06/24 16:46:20,55000052,130.36199951171875,130.28700256347656,130.2270050048828,13.857000350952148,16.83500099182129,11.863000869750977,1459.0,2107.0,1459.0,5360.0,121.0,-585.0,-455.0,-919.0,60.029998779296875,26.0
04/06/24 16:46:32,55000052,130.61500549316406,130.51100158691406,130.41600036621094,13.998001098632812,17.054000854492188,11.851000785827637,1466.0,2138.0,1466.0,5420.0,119.0,-596.0,-443.0,-920.0,60.02000045776367,26.0
04/06/24 16:46:44,55000052,130.50100708007812,130.4110107421875,130.36700439453125,14.01400089263916,17.020000457763672,11.837000846862793,1462.0,2133.0,1462.0,5411.0,116.0,-590.0,-444.0,-918.0,60.02000045776367,26.0
04/06/24 16:46:56,55000052,130.52101135253906,130.34201049804688,130.33700561523438,13.793000221252441,16.876001358032227,11.76300048828125,1451.0,2115.0,1451.0,5353.0,109.0,-580.0,-448.0,-919.0,60.0,26.0
04/06/24 16:47:08,55000052,130.56500244140625,130.406005859375,130.28201293945312,13.796000480651855,16.829999923706055,11.744000434875488,1450.0,2109.0,1450.0,5348.0,112.0,-584.0,-443.0,-915.0,59.98999786376953,26.0
04/06/24 16:47:21,55000052,130.50100708007812,130.406005859375,130.19300842285156,13.956000328063965,16.871000289916992,11.998000144958496,1479.0,2114.0,1479.0,5402.0,121.0,-584.0,-455.0,-918.0,59.97999954223633,26.0
04/06/24 16:47:33,55000052,130.49600219726562,130.42601013183594,130.2670135498047,13.925000190734863,16.815000534057617,11.878000259399414,1464.0,2109.0,1464.0,5378.0,119.0,-579.0,-455.0,-915.0,60.0,26.0
04/06/24 16:47:45,55000052,130.47601318359375,130.406005859375,130.2519989013672,14.133000373840332,16.944000244140625,11.9660005569458,1476.0,2127.0,1476.0,5435.0,114.0,-574.0,-454.0,-914.0,60.0099983215332,26.0
04/06/24 16:47:57,55000052,130.47100830078125,130.32701110839844,130.16799926757812,14.080000877380371,16.939001083374023,12.017000198364258,1484.0,2123.0,1484.0,5432.0,116.0,-585.0,-448.0,-917.0,60.029998779296875,26.0
04/06/24 16:48:09,55000052,130.14300537109375,130.10800170898438,129.9290008544922,14.032000541687012,16.990001678466797,12.005000114440918,1478.0,2125.0,1478.0,5416.0,123.0,-583.0,-447.0,-907.0,59.97999954223633,26.0
04/06/24 16:48:21,55000052,130.4459991455078,130.3570098876953,130.19300842285156,14.10300064086914,16.878000259399414,11.909000396728516,1467.0,2115.0,1467.0,5409.0,116.0,-578.0,-455.0,-917.0,59.98999786376953,26.0
04/06/24 16:48:33,55000052,130.4510040283203,130.3520050048828,130.2080078125,14.024001121520996,16.968000411987305,11.975000381469727,1475.0,2131.0,1475.0,5425.0,110.0,-572.0,-456.0,-918.0,59.98999786376953,26.0
04/06/24 16:48:45,55000052,130.625,130.4910125732422,130.37200927734375,14.004000663757324,17.16900062561035,12.056000709533691,1489.0,2159.0,1489.0,5466.0,108.0,-570.0,-463.0,-925.0,59.98999786376953,26.0
04/06/24 16:48:57,55000052,130.17800903320312,130.07400512695312,130.0340118408203,24.76500129699707,28.046001434326172,22.817001342773438,2853.0,3510.0,2853.0,9229.0,1443.0,913.0,682.0,3038.0,60.0,26.0
04/06/24 16:49:09,55000052,130.302001953125,130.2519989013672,130.19300842285156,26.2450008392334,29.39200210571289,23.71200180053711,3011.0,3725.0,3011.0,9844.0,1421.0,854.0,629.0,2904.0,60.0099983215332,26.0
04/06/24 16:49:21,55000052,130.2270050048828,130.1630096435547,130.0880126953125,26.524002075195312,29.865001678466797,24.167001724243164,3070.0,3785.0,3070.0,9992.0,1437.0,859.0,625.0,2921.0,60.0,26.0
04/06/24 16:49:33,55000052,130.33700561523438,130.24200439453125,130.21800231933594,26.147001266479492,29.51000213623047,23.73000144958496,3013.0,3739.0,3013.0,9841.0,1429.0,852.0,629.0,2910.0,60.02000045776367,26.0
04/06/24 16:49:45,55000052,130.1330108642578,130.09300231933594,130.01901245117188,25.990001678466797,29.235000610351562,23.470001220703125,2977.0,3703.0,2977.0,9747.0,1418.0,839.0,624.0,2881.0,60.0,26.0
04/06/24 16:49:57,55000052,130.33200073242188,130.2030029296875,130.22300720214844,26.018001556396484,29.21200180053711,23.43600082397461,2975.0,3702.0,2975.0,9750.0,1426.0,847.0,629.0,2902.0,60.02000045776367,26.0
04/06/24 16:50:09,55000052,130.32701110839844,130.24700927734375,130.2320098876953,26.235000610351562,29.402002334594727,24.12200164794922,3073.0,3726.0,3073.0,9905.0,1421.0,860.0,609.0,2890.0,60.0099983215332,26.0
04/06/24 16:50:21,55000052,130.32200622558594,130.2620086669922,130.22300720214844,26.19300079345703,29.387001037597656,23.727001190185547,3017.0,3722.0,3017.0,9837.0,1426.0,865.0,616.0,2907.0,60.0099983215332,26.0
04/06/24 16:50:33,55000052,130.16799926757812,130.09800720214844,130.1230010986328,26.323001861572266,29.5210018157959,23.83300018310547,3027.0,3738.0,3027.0,9878.0,1424.0,855.0,616.0,2895.0,59.98999786376953,26.0
04/06/24 16:50:45,55000052,130.2570037841797,130.22300720214844,130.17300415039062,26.376001358032227,29.628002166748047,23.891000747680664,3038.0,3756.0,3038.0,9921.0,1420.0,862.0,622.0,2904.0,60.0,26.0
04/06/24 16:50:57,55000052,130.24700927734375,130.13800048828125,130.1529998779297,26.226001739501953,29.45100212097168,23.772001266479492,3021.0,3728.0,3021.0,9852.0,1417.0,862.0,618.0,2897.0,60.02000045776367,26.0
04/06/24 16:51:09,55000052,130.1630096435547,130.0640106201172,130.09800720214844,26.178001403808594,29.358001708984375,23.725000381469727,3013.0,3715.0,3013.0,9822.0,1420.0,856.0,618.0,2894.0,60.0,26.100000381469727
04/06/24 16:51:21,55000052,130.42601013183594,130.33200073242188,130.3520050048828,26.21700096130371,29.41600227355957,23.698001861572266,3014.0,3730.0,3014.0,9845.0,1430.0,862.0,628.0,2920.0,60.0099983215332,26.100000381469727
04/06/24 16:51:33,55000052,130.89801025390625,130.89801025390625,130.8140106201172,13.999000549316406,17.045000076293945,12.032000541687012,1484.0,2150.0,1484.0,5454.0,110.0,-570.0,-475.0,-935.0,60.029998779296875,26.100000381469727
04/06/24 16:51:45,55000052,130.86300659179688,130.9580078125,130.8040008544922,13.771000862121582,16.993000030517578,12.16100025177002,1504.0,2141.0,1504.0,5437.0,110.0,-582.0,-469.0,-941.0,60.04999923706055,26.100000381469727
04/06/24 16:51:57,55000052,131.22601318359375,131.14601135253906,131.03201293945312,13.934000968933105,16.94900131225586,11.887001037597656,1469.0,2140.0,1469.0,5426.0,102.0,-572.0,-473.0,-943.0,60.029998779296875,26.100000381469727
04/06/24 16:52:09,55000052,131.06700134277344,130.9720001220703,130.8090057373047,13.782000541687012,16.959001541137695,11.987000465393066,1483.0,2135.0,1483.0,5413.0,112.0,-585.0,-464.0,-937.0,60.04999923706055,26.0
04/06/24 16:52:21,55000052,130.94300842285156,130.92800903320312,130.75900268554688,13.951000213623047,16.933000564575195,11.921000480651855,1471.0,2133.0,1471.0,5421.0,108.0,-576.0,-473.0,-941.0,60.04999923706055,26.0
04/06/24 16:52:33,55000052,130.70401000976562,130.70899963378906,130.54501342773438,13.837000846862793,17.022001266479492,12.067000389099121,1490.0,2140.0,1490.0,5426.0,111.0,-580.0,-470.0,-939.0,60.03999710083008,26.0
04/06/24 16:52:46,55000052,130.70401000976562,130.6790008544922,130.5500030517578,14.039000511169434,17.101001739501953,12.077000617980957,1491.0,2153.0,1491.0,5467.0,112.0,-566.0,-468.0,-922.0,60.03999710083008,26.0
04/06/24 16:52:58,55000052,130.8380126953125,130.8280029296875,130.65499877929688,13.882000923156738,17.077001571655273,12.012001037597656,1486.0,2148.0,1486.0,5437.0,115.0,-583.0,-462.0,-930.0,60.04999923706055,26.0
04/06/24 16:53:10,55000052,130.8090057373047,130.8280029296875,130.70899963378906,14.052000999450684,17.121000289916992,12.214000701904297,1510.0,2159.0,1510.0,5497.0,109.0,-568.0,-477.0,-936.0,60.04999923706055,26.0
04/06/24 16:53:22,55000052,130.93800354003906,130.91799926757812,130.8380126953125,13.939001083374023,17.07200050354004,12.00200080871582,1486.0,2152.0,1486.0,5453.0,107.0,-580.0,-459.0,-932.0,60.04999923706055,26.0
04/06/24 16:53:34,55000052,130.79901123046875,130.7790069580078,130.70899963378906,13.980000495910645,17.006000518798828,11.992000579833984,1477.0,2142.0,1477.0,5436.0,110.0,-572.0,-474.0,-936.0,60.03999710083008,26.0
04/06/24 16:53:46,55000052,130.8330078125,130.79901123046875,130.76901245117188,13.802000999450684,17.220001220703125,12.184000968933105,1503.0,2176.0,1503.0,5474.0,106.0,-564.0,-486.0,-944.0,60.04999923706055,26.0
04/06/24 16:53:58,55000052,130.96701049804688,130.8330078125,130.8780059814453,13.955000877380371,17.238000869750977,12.369000434875488,1522.0,2180.0,1522.0,5515.0,114.0,-559.0,-507.0,-952.0,60.04999923706055,26.0
04/06/24 16:54:10,55000052,131.07701110839844,130.89801025390625,130.88800048828125,13.82300090789795,17.284000396728516,12.218000411987305,1505.0,2187.0,1505.0,5492.0,101.0,-554.0,-501.0,-954.0,60.04999923706055,26.0
04/06/24 16:54:22,55000052,130.99700927734375,130.85301208496094,130.82301330566406,13.832000732421875,17.277999877929688,12.398000717163086,1526.0,2183.0,1526.0,5507.0,120.0,-563.0,-503.0,-946.0,60.03999710083008,26.0
04/06/24 16:54:34,55000052,130.63999938964844,130.5550079345703,130.4510040283203,25.58700180053711,29.1820011138916,23.32900047302246,2983.0,3701.0,2983.0,9707.0,1418.0,885.0,576.0,2879.0,60.06999969482422,26.0
04/06/24 16:54:46,55000052,130.27700805664062,130.2270050048828,130.18800354003906,26.533000946044922,30.20600128173828,24.498001098632812,3124.0,3826.0,3124.0,10091.0,1430.0,878.0,593.0,2901.0,60.029998779296875,26.0
04/06/24 16:54:58,55000052,130.51600646972656,130.37200927734375,130.4010009765625,26.415000915527344,30.160001754760742,24.326000213623047,3105.0,3825.0,3105.0,10062.0,1430.0,891.0,597.0,2918.0,60.03999710083008,26.0
04/06/24 16:55:10,55000052,130.74400329589844,130.78900146484375,130.5600128173828,26.07600212097168,29.71900177001953,23.878000259399414,3051.0,3773.0,3051.0,9907.0,1443.0,883.0,599.0,2925.0,60.09000015258789,26.0
04/06/24 16:55:22,55000052,130.70899963378906,130.67401123046875,130.52101135253906,25.875001907348633,29.43600082397461,23.64000129699707,3018.0,3739.0,3018.0,9807.0,1446.0,877.0,592.0,2915.0,60.05999755859375,26.0
04/06/24 16:55:34,55000052,130.61000061035156,130.49600219726562,130.52500915527344,26.030000686645508,29.573001861572266,23.73000144958496,3027.0,3752.0,3027.0,9861.0,1424.0,878.0,600.0,2902.0,60.03999710083008,26.0
04/06/24 16:55:46,55000052,130.60000610351562,130.50601196289062,130.406005859375,26.21200180053711,29.772001266479492,24.007001876831055,3065.0,3780.0,3065.0,9942.0,1443.0,876.0,589.0,2908.0,60.04999923706055,26.0
04/06/24 16:55:58,55000052,130.5800018310547,130.47601318359375,130.43600463867188,26.31800079345703,30.04400062561035,24.07000160217285,3071.0,3815.0,3071.0,10004.0,1437.0,882.0,600.0,2919.0,60.029998779296875,26.0
04/06/24 16:56:10,55000052,131.02700805664062,130.93800354003906,130.93800354003906,14.360000610351562,17.861000061035156,12.851000785827637,1529.0,2206.0,1529.0,5544.0,112.0,-549.0,-507.0,-944.0,60.04999923706055,26.0
04/06/24 16:56:22,55000052,130.98699951171875,130.86300659179688,130.84300231933594,13.910000801086426,17.30000114440918,12.297000885009766,1518.0,2190.0,1518.0,5520.0,100.0,-557.0,-489.0,-946.0,60.03999710083008,26.0
04/06/24 16:56:34,55000052,130.9530029296875,130.9080047607422,130.7740020751953,13.773000717163086,17.08100128173828,12.128000259399414,1492.0,2160.0,1492.0,5445.0,102.0,-548.0,-495.0,-941.0,60.02000045776367,26.0
04/06/24 16:56:46,55000052,131.02700805664062,130.99200439453125,130.78900146484375,13.875000953674316,17.243000030517578,12.289000511169434,1516.0,2176.0,1516.0,5496.0,114.0,-570.0,-492.0,-948.0,60.06999969482422,26.0
04/06/24 16:56:58,55000052,130.91799926757812,130.79400634765625,130.6790008544922,13.930000305175781,17.336999893188477,12.296000480651855,1513.0,2194.0,1513.0,5520.0,106.0,-548.0,-502.0,-944.0,60.029998779296875,26.0
04/06/24 16:57:10,55000052,130.89300537109375,130.84300231933594,130.79901123046875,13.946001052856445,17.19500160217285,12.247000694274902,1506.0,2175.0,1506.0,5494.0,115.0,-559.0,-504.0,-948.0,60.03999710083008,26.0
04/06/24 16:57:22,55000052,130.8330078125,130.74400329589844,130.63999938964844,13.884000778198242,17.310001373291016,12.159000396728516,1498.0,2186.0,1498.0,5490.0,112.0,-566.0,-489.0,-943.0,60.02000045776367,26.0
04/06/24 16:57:34,55000052,130.84800720214844,130.6840057373047,130.5900115966797,13.85400104522705,17.283000946044922,12.056000709533691,1482.0,2182.0,1482.0,5464.0,107.0,-557.0,-493.0,-943.0,60.029998779296875,26.0
04/06/24 16:57:47,55000052,130.88800048828125,130.7740020751953,130.70899963378906,13.97800064086914,17.240001678466797,12.222000122070312,1504.0,2178.0,1504.0,5498.0,119.0,-562.0,-501.0,-944.0,60.03999710083008,26.0
04/06/24 16:57:59,55000052,130.8830108642578,130.8380126953125,130.65499877929688,14.238000869750977,17.48000144958496,12.118000984191895,1495.0,2209.0,1495.0,5559.0,104.0,-567.0,-489.0,-952.0,60.02000045776367,26.0
04/06/24 16:58:11,55000052,131.06201171875,130.9029998779297,130.76901245117188,14.04800033569336,17.446001052856445,12.027000427246094,1483.0,2209.0,1483.0,5520.0,104.0,-554.0,-492.0,-942.0,60.04999923706055,26.100000381469727
04/06/24 16:58:23,55000052,131.02700805664062,131.1160125732422,130.84300231933594,14.067000389099121,17.413000106811523,12.057000160217285,1490.0,2205.0,1490.0,5530.0,109.0,-568.0,-488.0,-947.0,60.05999755859375,26.100000381469727
04/06/24 16:58:35,55000052,131.1070098876953,131.1510009765625,130.8730010986328,14.03800106048584,17.204999923706055,11.930000305175781,1468.0,2180.0,1468.0,5479.0,106.0,-555.0,-498.0,-947.0,60.04999923706055,26.100000381469727
04/06/24 16:58:47,55000052,131.12600708007812,131.17100524902344,130.81800842285156,13.837000846862793,17.25,11.980000495910645,1477.0,2181.0,1477.0,5461.0,111.0,-567.0,-491.0,-947.0,60.04999923706055,26.100000381469727
04/06/24 16:58:59,55000052,131.09201049804688,131.13600158691406,130.89801025390625,13.961000442504883,17.18600082397461,12.0260009765625,1482.0,2177.0,1482.0,5477.0,112.0,-560.0,-498.0,-946.0,60.05999755859375,26.100000381469727
04/06/24 16:59:28,55000052,130.72900390625,130.79400634765625,130.51600646972656,26.4580020904541,30.20600128173828,23.98000144958496,3063.0,3841.0,3063.0,10041.0,1452.0,889.0,603.0,2944.0,60.029998779296875,26.0
04/06/24 16:59:40,55000052,130.70899963378906,130.85301208496094,130.53500366210938,26.46900177001953,30.099000930786133,23.742000579833984,3033.0,3825.0,3033.0,9998.0,1447.0,897.0,603.0,2947.0,60.05999755859375,26.0
04/06/24 16:59:59,55000052,130.8830108642578,130.9130096435547,130.6890106201172,25.934001922607422,29.575000762939453,23.326000213623047,2978.0,3763.0,2978.0,9806.0,1452.0,891.0,608.0,2951.0,60.029998779296875,26.0
